id,smiles,method,basis,molecular_weight,logp,n_electrons,HOMO_eV,LUMO_eV,gap_eV,HOMO_idx,LUMO_idx,E_total_Ha,dipole_moment_D
Mol1,CCO,DFT-PBE0,6-31g*,46.069,-0.0014000000000000123,26,-7.403465199231473,2.2288689503425134,9.632334149573987,12,13,-154.8453180972967,1.6380938584744207
Mol2,CCN,DFT-PBE0,6-31g*,45.084999999999994,-0.03499999999999981,26,-6.397289891971387,2.4374177750172747,8.834707666988662,12,13,-134.9957317743042,1.4302681561261708
Mol3,Cc1ccccc1,DFT-PBE0,6-31g*,92.14099999999999,1.99502,50,-6.638759911625118,0.24211200514890702,6.880871916774025,24,25,-271.2284078726854,0.3100752303179236
